"","baseMean","log2FoldChange","lfcSE","stat","pvalue","padj"
"SAOUHSC_02191",24.9281559503062,8.05570933183513,1.81768641732588,4.43184768013309,9.34290114430489e-06,0.0214326152250354
